type,goals
Reading,note taking
Reading,annotating
Reading,data and graphs
Reading,technical writing
Reading,visualization
Reading,vocalization
Writing,MLA format
Writing,thesis statements
Writing,body paragraphs
Writing,topic sentences
Writing,organization
Writing,internal transitions
Writing,transitional phrases
Writing,boundary statements
Writing,effective titles
Writing,academic language
Writing,academic voice
Writing,informal voice
Writing,formal voice
Writing,plagiarism warning
Writing,modifying quotations
Writing,integrating quotations
Writing,citing quotations
Writing,works cited page
Language,idioms
Language,proper use of tense
Language,dictionary usage
Language,etymological study
Language,grammar study
Language,evaluating sources
Language,internet research
Language,library research
Interdisciplinary,history
Interdisciplinary,economics
Interdisciplinary,psychology
Interdisciplinary,anthropology
Interdisciplinary,sociology
Interdisciplinary,mythology
Interdisciplinary,the arts
Interdisciplinary,physics
Interdisciplinary,biology
Interdisciplinary,chemistry
Interdisciplinary,mathematics
Interdisciplinary,ethics
Relate Event To,multiple perspectives
Relate Event To,questioning beliefs
Relate Event To,understanding origins
Relate Event To,understanding difference
Relate Event To,understanding repetition
Relate Event To,rethinking space
Relate Event To,rethinking time
Relate Event To,epistemology
Relate Event To,ontology
Citizenship,real world interaction
Citizenship,real world understanding
Citizenship,group work
Citizenship,leadership
Citizenship,dramatic reading
Citizenship,dramatic performance
Citizenship,speech making
Citizenship,negotiation skills
Citizenship,interview skills
Citizenship,presentation skills
Citizenship,debate skills